relative_path,title_en,title_np,document_type,local_government_code,fiscal_year_code,language,source_url,source_url_kind,data_classification,source_note,project_code,relationship,page_from,page_to,section,evidence_note_en,evidence_note_np
rupa_progress/80-81-annual-progress.pdf,Rupa Rural Municipality Annual Progress Report 2080/81,रूपा गाउँपालिका वार्षिक प्रगति प्रतिवेदन २०८०/८१,progress_report,RUPA,2080-81,nep,https://rupamun.gov.np/annual-progress-report,landing_page,official,Official annual progress attachment,RUPA-W02-ANDHERI-CULVERT-2080-81,progress,51,51,Ward 2 project implementation status,The official row reports NPR 200000 allocated plus agreement monitoring and payment dates; contract and payment amounts remain unknown.,आधिकारिक पङ्क्तिमा रु. २००००० विनियोजन र सम्झौता अनुगमन तथा भुक्तानी मिति उल्लेख छन्; ठेक्का र भुक्तानी रकम अज्ञात छन्।
rupa_progress/80-81-annual-progress.pdf,Rupa Rural Municipality Annual Progress Report 2080/81,रूपा गाउँपालिका वार्षिक प्रगति प्रतिवेदन २०८०/८१,progress_report,RUPA,2080-81,nep,https://rupamun.gov.np/annual-progress-report,landing_page,official,Official annual progress attachment,RUPA-W02-DANDA-CHHAHARE-ROAD-2080-81,progress,51,51,Ward 2 project implementation status,The official row reports NPR 200000 allocated and monitoring and payment dates; agreement contract and payment amounts remain unknown.,आधिकारिक पङ्क्तिमा रु. २००००० विनियोजन र अनुगमन तथा भुक्तानी मिति उल्लेख छन्; सम्झौता ठेक्का र भुक्तानी रकम अज्ञात छन्।
rupa_progress/80-81-annual-progress.pdf,Rupa Rural Municipality Annual Progress Report 2080/81,रूपा गाउँपालिका वार्षिक प्रगति प्रतिवेदन २०८०/८१,progress_report,RUPA,2080-81,nep,https://rupamun.gov.np/annual-progress-report,landing_page,official,Official annual progress attachment,RUPA-W02-UJELI-KRIYAPUTRI-2080-81,progress,51,51,Ward 2 project implementation status,The official row reports NPR 200000 allocated plus agreement monitoring and payment dates; contract and payment amounts remain unknown.,आधिकारिक पङ्क्तिमा रु. २००००० विनियोजन र सम्झौता अनुगमन तथा भुक्तानी मिति उल्लेख छन्; ठेक्का र भुक्तानी रकम अज्ञात छन्।
rupa_progress/80-81-annual-progress.pdf,Rupa Rural Municipality Annual Progress Report 2080/81,रूपा गाउँपालिका वार्षिक प्रगति प्रतिवेदन २०८०/८१,progress_report,RUPA,2080-81,nep,https://rupamun.gov.np/annual-progress-report,landing_page,official,Official annual progress attachment,RUPA-W02-DALIT-BUILDING-2080-81,progress,51,51,Ward 2 project implementation status,The official row reports NPR 300000 allocated plus agreement monitoring and payment dates; contract and payment amounts remain unknown.,आधिकारिक पङ्क्तिमा रु. ३००००० विनियोजन र सम्झौता अनुगमन तथा भुक्तानी मिति उल्लेख छन्; ठेक्का र भुक्तानी रकम अज्ञात छन्।
rupa_progress/80-81-annual-progress.pdf,Rupa Rural Municipality Annual Progress Report 2080/81,रूपा गाउँपालिका वार्षिक प्रगति प्रतिवेदन २०८०/८१,progress_report,RUPA,2080-81,nep,https://rupamun.gov.np/annual-progress-report,landing_page,official,Official annual progress attachment,RUPA-W02-MAJHKOT-TOURISM-2080-81,progress,51,51,Ward 2 project implementation status,The official row reports NPR 250000 allocated plus agreement monitoring and payment dates; contract and payment amounts remain unknown.,आधिकारिक पङ्क्तिमा रु. २५०००० विनियोजन र सम्झौता अनुगमन तथा भुक्तानी मिति उल्लेख छन्; ठेक्का र भुक्तानी रकम अज्ञात छन्।
rupa_progress/81-82-annual-progress-final.pdf,Rupa Rural Municipality Annual Progress Report 2081/82,रूपा गाउँपालिका वार्षिक प्रगति प्रतिवेदन २०८१/८२,progress_report,RUPA,2081-82,nep,https://rupamun.gov.np/annual-progress-report,landing_page,official,Official final annual progress attachment,,,,,,,
pokhara_progress/82-83-annual-progress.pdf,Pokhara Metropolitan City Annual Progress Report 2082/83,पोखरा महानगरपालिका वार्षिक प्रगति प्रतिवेदन २०८२/८३,progress_report,PKR,2082-83,nep+eng,https://pokharamun.gov.np/annual-progress-report,landing_page,official,Official annual progress attachment,,,,,,,
kathmandu/budget/81-82-annual-budget.pdf,Kathmandu Metropolitan City Annual Budget and Program 2081/82,काठमाडौं महानगरपालिका वार्षिक बजेट तथा कार्यक्रम २०८१/८२,budget_book,KMC,2081-82,nep,https://new.kathmandu.gov.np/en/contents/reports/plan,landing_page,official,Official annual budget attachment,,,,,,,
kathmandu/expenditure/image.png,Kathmandu Metropolitan City Sectoral Budget and Expenditure 2081/82,काठमाडौं महानगरपालिका क्षेत्रगत बजेट तथा खर्च २०८१/८२,expenditure_report,KMC,2081-82,nep,https://new.kathmandu.gov.np/en/notices/kathmandu-metropolitan-city-regional-budget-and-expenditure-ad-208182-period-20810401-20820332,landing_page,official,Official signed sectoral statement published as an image,,,,,,,
kathmandu/expenditure/81-82-headwise-budget-expenditure.pdf,Kathmandu Metropolitan City Headwise Budget and Expenditure 2081/82,काठमाडौं महानगरपालिका खर्च शीर्षकगत बजेट तथा खर्च २०८१/८२,expenditure_report,KMC,2081-82,nep,https://new.kathmandu.gov.np/en/notices/kathmandu-metropolitan-city-budget-and-expenditure-according-to-the-expenditure-heading-ad-208182-period-20810401-20820332,landing_page,official,Official expenditure-heading statement,,,,,,,
kathmandu/audit/81-82-oag.pdf,Kathmandu Metropolitan City Audit Report 2081/82,काठमाडौं महानगरपालिका लेखापरीक्षण प्रतिवेदन २०८१/८२,audit_report,KMC,2081-82,nep+eng,https://oag.gov.np/reports/local-level-report,landing_page,official,Official OAG local-level audit report,,,,,,,
hetauda/budget/81-82-budget-policy-program.pdf,Hetauda Annual Budget Policy and Program 2081/82,हेटौंडा वार्षिक बजेट नीति तथा कार्यक्रम २०८१/८२,budget_book,HETAUDA,2081-82,nep,https://hetaudamun.gov.np/en/content/%E0%A4%86%E0%A4%B5-%E0%A5%A8%E0%A5%A6%E0%A5%AE%E0%A5%A7%E0%A5%A6%E0%A5%AE%E0%A5%A8-%E0%A4%95%E0%A5%8B-%E0%A4%B5%E0%A4%BE%E0%A4%B0%E0%A5%8D%E0%A4%B7%E0%A4%BF%E0%A4%95-%E0%A4%AC%E0%A4%9C%E0%A5%87%E0%A4%9F-%E0%A4%A8%E0%A5%80%E0%A4%A4%E0%A4%BF-%E0%A4%A4%E0%A4%A5%E0%A4%BE-%E0%A4%95%E0%A4%BE%E0%A4%B0%E0%A5%8D%E0%A4%AF%E0%A4%95%E0%A5%8D%E0%A4%B0%E0%A4%AE,landing_page,official,Official annual budget policy and program attachment,,,,,,,
hetauda/progress/81-82-annual-progress.pdf,Hetauda Annual Progress Review 2081/82,हेटौंडा वार्षिक प्रगति समीक्षा २०८१/८२,progress_report,HETAUDA,2081-82,nep,https://hetaudamun.gov.np/sites/hetaudamun.gov.np/files/documents/%E0%A4%86.%E0%A4%B5.%E0%A5%A8%E0%A5%A6%E0%A5%AE%E0%A5%A7-%E0%A5%A6%E0%A5%AE%E0%A5%A8%20%E0%A4%B5%E0%A4%BE%E0%A4%B0%E0%A5%8D%E0%A4%B7%E0%A4%BF%E0%A4%95%20%E0%A4%AA%E0%A5%8D%E0%A4%B0%E0%A4%97%E0%A4%A4%E0%A5%80%20%E0%A4%B8%E0%A4%AE%E0%A4%BF%E0%A4%95%E0%A5%8D%E0%A4%B7%E0%A4%BE.pdf,direct_pdf,official,Official annual progress review,,,,,,,
hetauda/audit/81-82-oag.pdf,Hetauda Sub-Metropolitan City Audit Report 2081/82,हेटौंडा उपमहानगरपालिका लेखापरीक्षण प्रतिवेदन २०८१/८२,audit_report,HETAUDA,2081-82,nep+eng,https://oag.gov.np/reports/local-level-report,landing_page,official,Official OAG local-level audit report,,,,,,,
pokhara_metropolitian/77-78.pdf,Pokhara Annual Budget and Program 2077/78,पोखरा वार्षिक बजेट तथा कार्यक्रम २०७७/७८,budget_book,PKR,2077-78,nep,https://pokharamun.gov.np/budget-program?field_fiscal_year_tid=All,landing_page,official,Exact PDF attachment URL pending verification,PKR-W08-JALPA-2077-78,allocation,168,168,ज्ञान बहादुर जाल्पा मार्ग सडक निर्माण,The red book records two source rows totalling NPR 800000 for the Ward 8 road entry in a table stated in NPR thousands.,रातो किताबको रु. हजारमा तालिकामा वडा नं. ८ को सडक प्रविष्टिका लागि दुई स्रोत पङ्क्तिमा जम्मा रु. ८००००० विनियोजन देखिन्छ।
pokhara_audited/77-78 audit.pdf,Pokhara Metropolitan City Audit Report 2077/78,पोखरा महानगरपालिका लेखापरीक्षण प्रतिवेदन २०७७/७८,audit_report,PKR,2077-78,nep+eng,https://oag.gov.np/reports/local-level-report,landing_page,official,Exact PDF attachment URL pending verification,PKR-W08-JALPA-2077-78,audit,48,48,पेश्की बाँकी,The official audit section on unsettled expired advances names Jalpa Marg drain and blacktopping in Ward 8 and P.L. Construction. Two NPR 690000 ledger rows require human review before aggregation.,आधिकारिक लेखापरीक्षणको म्याद नाघेको पेश्की बाँकी खण्डमा वडा नं. ८ को जाल्पा मार्ग नाला निर्माण तथा कालोपत्रे र पि.एल. कन्स्ट्रक्सन उल्लेख छ। रु. ६९०००० का दुई लेखा पङ्क्ति जोड्नुअघि मानवीय समीक्षा आवश्यक छ।
pokhara_audited/78-79 audit.pdf,Pokhara Metropolitan City Audit Report 2078/79,पोखरा महानगरपालिका लेखापरीक्षण प्रतिवेदन २०७८/७९,audit_report,PKR,2078-79,nep+eng,https://oag.gov.np/reports/local-level-report,landing_page,official,Exact PDF attachment URL pending verification,,,,,,,
pokhara_audited/79-80 audit.pdf,Pokhara Metropolitan City Audit Report 2079/80,पोखरा महानगरपालिका लेखापरीक्षण प्रतिवेदन २०७९/८०,audit_report,PKR,2079-80,nep+eng,https://oag.gov.np/reports/local-level-report,landing_page,official,Exact PDF attachment URL pending verification,,,,,,,
pokhara_audited/80-81 audit.pdf,Pokhara Metropolitan City Audit Report 2080/81,पोखरा महानगरपालिका लेखापरीक्षण प्रतिवेदन २०८०/८१,audit_report,PKR,2080-81,nep+eng,https://oag.gov.np/reports/local-level-report,landing_page,official,Exact PDF attachment URL pending verification,,,,,,,
pokhara_audited/81-82 audit.pdf,Pokhara Metropolitan City Audit Report 2081/82,पोखरा महानगरपालिका लेखापरीक्षण प्रतिवेदन २०८१/८२,audit_report,PKR,2081-82,nep+eng,https://oag.gov.np/reports/local-level-report,landing_page,official,Exact PDF attachment URL pending verification,,,,,,,
rupa_audited/77-78 audit (1).pdf,Rupa Rural Municipality Audit Report 2077/78,रूपा गाउँपालिका लेखापरीक्षण प्रतिवेदन २०७७/७८,audit_report,RUPA,2077-78,nep+eng,https://oag.gov.np/reports/local-level-report,landing_page,official,Exact PDF attachment URL pending verification,,,,,,,
rupa_audited/78-79 audit (1).pdf,Rupa Rural Municipality Audit Report 2078/79,रूपा गाउँपालिका लेखापरीक्षण प्रतिवेदन २०७८/७९,audit_report,RUPA,2078-79,nep+eng,https://oag.gov.np/reports/local-level-report,landing_page,official,Exact PDF attachment URL pending verification,,,,,,,
rupa_audited/79-80 audit (1).pdf,Rupa Rural Municipality Audit Report 2079/80,रूपा गाउँपालिका लेखापरीक्षण प्रतिवेदन २०७९/८०,audit_report,RUPA,2079-80,nep+eng,https://oag.gov.np/reports/local-level-report,landing_page,official,Exact PDF attachment URL pending verification,,,,,,,
rupa_audited/80-81 audit (1).pdf,Rupa Rural Municipality Audit Report 2080/81,रूपा गाउँपालिका लेखापरीक्षण प्रतिवेदन २०८०/८१,audit_report,RUPA,2080-81,nep+eng,https://oag.gov.np/reports/local-level-report,landing_page,official,Exact PDF attachment URL pending verification,,,,,,,
rupa_audited/81-82 audit (1).pdf,Rupa Rural Municipality Audit Report 2081/82,रूपा गाउँपालिका लेखापरीक्षण प्रतिवेदन २०८१/८२,audit_report,RUPA,2081-82,nep+eng,https://oag.gov.np/reports/local-level-report,landing_page,official,Exact PDF attachment URL pending verification,,,,,,,
pokhara_metropolitian/78-79.pdf,Pokhara Red Book and Annual Program 2078/79,पोखरा रातो किताब तथा वार्षिक कार्यक्रम २०७८/७९,budget_book,PKR,2078-79,nep,https://pokharamun.gov.np/budget-program?field_fiscal_year_tid=All,landing_page,official,Exact attachment URL pending verification
pokhara_metropolitian/79-80.pdf,Pokhara Annual Development Program and Red Book 2079/80,पोखरा वार्षिक विकास कार्यक्रम तथा रातो किताब २०७९/८०,budget_book,PKR,2079-80,nep,https://pokharamun.gov.np/budget-program?field_fiscal_year_tid=All,landing_page,official,Exact attachment URL pending verification
pokhara_metropolitian/80-81.pdf,Pokhara Detailed Expenditure Description 2080/81,पोखरा विस्तृत खर्च विवरण २०८०/८१,budget_book,PKR,2080-81,nep,https://pokharamun.gov.np/budget-program?field_fiscal_year_tid=All,landing_page,official,Exact attachment URL pending verification
pokhara_metropolitian/81-82.pdf,Pokhara Consolidated Fund Expenditure Allocation 2081/82,पोखरा सञ्चित कोष खर्च विनियोजन २०८१/८२,budget_book,PKR,2081-82,nep,https://pokharamun.gov.np/budget-program?field_fiscal_year_tid=All,landing_page,official,Exact attachment URL pending verification
pokhara_metropolitian/82-83.pdf,Pokhara Annual Development Program 2082/83,पोखरा वार्षिक विकास कार्यक्रम २०८२/८३,annual_program,PKR,2082-83,nep,https://pokharamun.gov.np/budget-program?field_fiscal_year_tid=All,landing_page,official,Exact attachment URL pending verification
rupa_vdc/79-80 (1).pdf,Rupa Rural Municipality Budget Statement 2079/80,रूपा गाउँपालिकाको बजेट वक्तव्य २०७९/८०,budget_speech,RUPA,2079-80,nep,https://rupamun.gov.np/budget-program,landing_page,official,Exact attachment URL pending verification
rupa_vdc/80-81 (1).pdf,Rupa Rural Municipality Budget Statement 2080/81,रूपा गाउँपालिकाको बजेट वक्तव्य २०८०/८१,budget_speech,RUPA,2080-81,nep,https://rupamun.gov.np/budget-program,landing_page,official,Exact attachment URL pending verification
rupa_vdc/81-82 (1).pdf,Rupa Rural Municipality Economic Bill and Program 2081/82,रूपा गाउँपालिकाको आर्थिक विधेयक तथा कार्यक्रम २०८१/८२,economic_act,RUPA,2081-82,nep,https://rupamun.gov.np/budget-program,landing_page,official,Exact attachment URL pending verification
rupa_vdc/82-83 (1).pdf,Rupa Rural Municipality Economic Bill and Program 2082/83,रूपा गाउँपालिकाको आर्थिक विधेयक तथा कार्यक्रम २०८२/८३,economic_act,RUPA,2082-83,nep,https://rupamun.gov.np/budget-program,landing_page,official,Exact attachment URL pending verification
jalpa/jalpa initial bid.pdf,Pokhara Jalpa Marg Upgrading Bidding Document 2077/78,पोखरा जाल्पा मार्ग स्तरोन्नति बोलपत्र कागजात २०७७/७८,procurement_notice,PKR,2077-78,eng,https://bolpatra.gov.np/egp/searchOpportunity,landing_page,official,Exact opportunity detail and direct PDF URLs pending verification,PKR-W08-JALPA-2077-78,procurement,1,30,Cover; Invitation for Bids; Bid Data Sheet,Official FY 2077/78 tender with IFB 16.1/PMC/077-78 and Contract ID 45/PMC/NCB/W/077-78; the NPR 9477987.16 estimate is not an award or payment amount.,आर्थिक वर्ष २०७७/७८ को IFB 16.1/PMC/077-78 र Contract ID 45/PMC/NCB/W/077-78 भएको आधिकारिक बोलपत्र; रु. ९४७७९८७.१६ अनुमान ठेक्का वा भुक्तानी रकम होइन।
jalpa/jalpa initial BID ADDENDUM DOCUMENT.pdf,Pokhara Jalpa Marg Upgrading Bid Addendum 2077/78,पोखरा जाल्पा मार्ग स्तरोन्नति बोलपत्र संशोधन २०७७/७८,procurement_notice,PKR,2077-78,eng,https://bolpatra.gov.np/egp/searchOpportunity,landing_page,official,Exact opportunity detail and direct PDF URLs pending verification,PKR-W08-JALPA-2077-78,procurement,1,5,Bid Addendum No. 1,Official addendum published 22 February 2021 with revised BOQ and contract conditions; it does not identify an awarded bidder.,२२ फेब्रुअरी २०२१ मा प्रकाशित संशोधित BOQ र ठेक्का सर्तसहितको आधिकारिक संशोधन; यसले ठेक्का पाउने बोलपत्रदाता पहिचान गर्दैन।
jalpa/second jalpa .pdf,Pokhara Jalpa Marg Upgrading Bidding Document 2078/79,पोखरा जाल्पा मार्ग स्तरोन्नति बोलपत्र कागजात २०७८/७९,procurement_notice,PKR,2078-79,eng,https://bolpatra.gov.np/egp/searchOpportunity,landing_page,official,Exact opportunity detail and direct PDF URLs pending verification,PKR-W08-JALPA-UPGRADE-2078-79,procurement,2,28,Cover; Invitation for Bids; Bid Data Sheet,Official later procurement with IFB 57.1/PMC/078-079 and Contract ID 149/PMC/NCB/W/078-079; no continuity with the FY 2077/78 package is assumed.,IFB 57.1/PMC/078-079 र Contract ID 149/PMC/NCB/W/078-079 भएको पछिल्लो आधिकारिक खरिद; आर्थिक वर्ष २०७७/७८ को प्याकेजसँग निरन्तरता मानिएको छैन।
jalpa/latest jalpaBID DOCUMENT.pdf,Pokhara Jalpa Marg Footpath Bidding Document 2082/83,पोखरा जाल्पा मार्ग फुटपाथ बोलपत्र कागजात २०८२/८३,procurement_notice,PKR,2082-83,eng,https://bolpatra.gov.np/egp/searchOpportunity,landing_page,official,Exact opportunity detail and direct PDF URLs pending verification,PKR-W08-JALPA-FOOTPATH-2082-83,procurement,1,29,Cover; Invitation for Bids; Bid Data Sheet,Original official footpath tender with IFB 34.4/PMC/082-83 and Contract ID 123/PMC/NCB/W/Purbadhar/082-83; superseded facts must be read with Addendum No. 1.,IFB 34.4/PMC/082-83 र Contract ID 123/PMC/NCB/W/Purbadhar/082-83 भएको मूल आधिकारिक फुटपाथ बोलपत्र; परिवर्तन भएका विवरण संशोधन नं. १ सँगै पढ्नुपर्छ।
jalpa/latest jalpaBID ADDENDUM DOCUMENT.pdf,Pokhara Jalpa Marg Footpath Bid Addendum 2082/83,पोखरा जाल्पा मार्ग फुटपाथ बोलपत्र संशोधन २०८२/८३,procurement_notice,PKR,2082-83,eng,https://bolpatra.gov.np/egp/searchOpportunity,landing_page,official,Exact opportunity detail and direct PDF URLs pending verification,PKR-W08-JALPA-FOOTPATH-2082-83,procurement,1,36,Bid Addendum No. 1 and revised invitation,Official addendum published 20 May 2026 revising the estimate to NPR 2217190.45 and extending the deadline to 1 June 2026; it is not an award.,२० मे २०२६ मा प्रकाशित आधिकारिक संशोधनले अनुमान रु. २२१७१९०.४५ र समयसीमा १ जुन २०२६ बनाउँछ; यो ठेक्का प्रदान अभिलेख होइन।
